id;address_type;address_1;address_2;address_3;postal_code;phone;mobile_phone;email;fax;city_id;country_id;province_id;create_system_date;create_date;create_user_id;last_modification_system_date;last_modification_date;last_modification_user_id
1;m;Home Loan Account Table Computer;Trace;Savings Account alarm;Tasty;1-201-916-3650 x40256;Steel zero administration;Darlene78@yahoo.com;grey Cambridgeshire;59241;46676;4645;2019-10-15;2019-10-15T20:04:01;68030;2019-10-16;2019-10-15T23:50:10;6505
2;F;South Dakota envisioneer Music;Nakfa;Bahamian Dollar Investment Account;Games;(734) 525-5109 x8749;Chief Credit Card Account;Erick.Bogisich@hotmail.com;Tasty Plastic Pizza scale;27134;53969;82873;2019-10-15;2019-10-16T02:05:09;96525;2019-10-16;2019-10-15T20:04:45;54269
3;P;Car Industrial deliverables;orange Books;magenta monitor 1080p;Unbra;(864) 300-3363 x67562;Mississippi embrace Developer;Noemi.Reichert@hotmail.com;Networked Sleek Metal Table Sm;43933;10789;20171;2019-10-16;2019-10-15T13:08:59;63641;2019-10-15;2019-10-16T03:06:12;56327
4;E;relationships override;Brand;neutral Salad;Auto ;(821) 488-5381 x833;Gorgeous Profit-focused synerg;Fermin0@hotmail.com;Borders;41741;48482;22210;2019-10-15;2019-10-16T07:46:16;26941;2019-10-16;2019-10-16T04:47:20;94290
5;c;Oklahoma facilitate;Engineer;Exclusive Moroccan Dirham card;zero ;269-540-0239;Public-key Granite;Isai.Yost@yahoo.com;Bulgarian Lev navigate;23763;24215;72821;2019-10-15;2019-10-16T01:49:16;47030;2019-10-15;2019-10-15T11:02:46;63352
6;S;Gloves Bedfordshire Argentine Peso;Kentucky Algerian Dinar Clothing;open-source turn-key;Sausa;(335) 981-6371 x2958;Enhanced deposit parsing;Jose24@yahoo.com;Tasty Customer Human;63310;18870;33902;2019-10-16;2019-10-16T02:16:01;70035;2019-10-15;2019-10-15T14:19:42;89711
7;A;Marketing;Dynamic Home Loan Account Tools;Branding;Home ;(469) 217-0243 x1736;calculating withdrawal Nevada;Johann.Hilll@gmail.com;Persevering;97301;97889;39309;2019-10-15;2019-10-15T13:14:20;90609;2019-10-15;2019-10-16T00:13:21;79481
8;B;CSS Re-contextualized;local Shoes;Intelligent Frozen Sausages Villages;Human;709.934.5959;SDD disintermediate reinvent;Domenick.Halvorson@hotmail.com;Maryland Configuration;69602;93001;57006;2019-10-16;2019-10-16T08:18:56;20891;2019-10-15;2019-10-15T18:32:26;99005
9;C;portal calculating Metal;real-time discrete redundant;Synergistic Personal Loan Account Sleek;Borde;160.737.0883 x0350;North Dakota Garden;Carlee.Littel83@yahoo.com;TCP Assimilated;3883;82260;30326;2019-10-16;2019-10-15T21:45:29;12706;2019-10-16;2019-10-15T22:06:51;82786
10;c;Intelligent Granite Shirt Peru deposit;Frozen Analyst card;redundant;conte;1-020-190-8466 x4019;ROI;Katharina.Botsford66@gmail.com;motivating Operations alarm;55435;43567;61172;2019-10-15;2019-10-16T00:34:39;4771;2019-10-16;2019-10-15T21:03:47;35597
